{"meta": {"format": 3, "version": "7.12.0", "timestamp": "2025-11-22T23:14:33.652060", "branch_coverage": false, "show_contexts": false}, "files": {"src/app.py": {"executed_lines": [1, 6, 7, 8, 9, 10, 13, 16, 19, 20, 23, 27, 30, 44, 45, 47, 49, 50, 51, 52, 53, 55, 58, 59, 60, 63, 64, 67, 68, 71, 72, 75, 76, 77, 79, 89, 90, 98, 112, 113, 114, 116, 119, 120, 122, 129, 130, 143, 145, 146, 147, 148, 151, 154, 156, 166, 177, 187, 188, 189, 194, 195, 205, 206, 208, 209, 211, 214, 215, 216, 217, 223, 236, 237, 238, 241, 242, 257, 258, 260, 261, 266, 271, 272, 273, 274, 276, 279, 281, 287, 288, 289, 292, 293, 310, 311, 313, 314, 317, 320, 322, 328, 329, 330, 333, 334, 344, 345, 347, 352, 353, 354, 357, 358, 365, 366, 368, 369, 376, 381, 382, 383, 386], "summary": {"covered_lines": 122, "num_statements": 137, "percent_covered": 89.05109489051095, "percent_covered_display": "89", "missing_lines": 15, "excluded_lines": 0, "percent_statements_covered": 89.05109489051095, "percent_statements_covered_display": "89"}, "missing_lines": [24, 80, 81, 83, 84, 85, 86, 91, 92, 388, 389, 390, 392, 393, 395], "excluded_lines": [], "functions": {"fetch_people_data": {"executed_lines": [44, 45, 47, 49, 50, 51, 52, 53, 55, 58, 59, 60, 63, 64, 67, 68, 71, 72, 75, 76, 77, 79, 89, 90, 98, 112, 113, 114, 116], "summary": {"covered_lines": 29, "num_statements": 37, "percent_covered": 78.37837837837837, "percent_covered_display": "78", "missing_lines": 8, "excluded_lines": 0, "percent_statements_covered": 78.37837837837837, "percent_statements_covered_display": "78"}, "missing_lines": [80, 81, 83, 84, 85, 86, 91, 92], "excluded_lines": []}, "health_check": {"executed_lines": [122], "summary": {"covered_lines": 1, "num_statements": 1, "percent_covered": 100.0, "percent_covered_display": "100", "missing_lines": 0, "excluded_lines": 0, "percent_statements_covered": 100.0, "percent_statements_covered_display": "100"}, "missing_lines": [], "excluded_lines": []}, "get_people": {"executed_lines": [143, 145, 146, 147, 148, 151, 154, 156, 166, 177, 187, 188, 189], "summary": {"covered_lines": 13, "num_statements": 13, "percent_covered": 100.0, "percent_covered_display": "100", "missing_lines": 0, "excluded_lines": 0, "percent_statements_covered": 100.0, "percent_statements_covered_display": "100"}, "missing_lines": [], "excluded_lines": []}, "get_person": {"executed_lines": [205, 206, 208, 209, 211, 214, 215, 216, 217, 223, 236, 237, 238], "summary": {"covered_lines": 13, "num_statements": 13, "percent_covered": 100.0, "percent_covered_display": "100", "missing_lines": 0, "excluded_lines": 0, "percent_statements_covered": 100.0, "percent_statements_covered_display": "100"}, "missing_lines": [], "excluded_lines": []}, "create_person": {"executed_lines": [257, 258, 260, 261, 266, 271, 272, 273, 274, 276, 279, 281, 287, 288, 289], "summary": {"covered_lines": 15, "num_statements": 15, "percent_covered": 100.0, "percent_covered_display": "100", "missing_lines": 0, "excluded_lines": 0, "percent_statements_covered": 100.0, "percent_statements_covered_display": "100"}, "missing_lines": [], "excluded_lines": []}, "update_person": {"executed_lines": [310, 311, 313, 314, 317, 320, 322, 328, 329, 330], "summary": {"covered_lines": 10, "num_statements": 10, "percent_covered": 100.0, "percent_covered_display": "100", "missing_lines": 0, "excluded_lines": 0, "percent_statements_covered": 100.0, "percent_statements_covered_display": "100"}, "missing_lines": [], "excluded_lines": []}, "delete_person": {"executed_lines": [344, 345, 347, 352, 353, 354], "summary": {"covered_lines": 6, "num_statements": 6, "percent_covered": 100.0, "percent_covered_display": "100", "missing_lines": 0, "excluded_lines": 0, "percent_statements_covered": 100.0, "percent_statements_covered_display": "100"}, "missing_lines": [], "excluded_lines": []}, "get_campuses": {"executed_lines": [365, 366, 368, 369, 376, 381, 382, 383], "summary": {"covered_lines": 8, "num_statements": 8, "percent_covered": 100.0, "percent_covered_display": "100", "missing_lines": 0, "excluded_lines": 0, "percent_statements_covered": 100.0, "percent_statements_covered_display": "100"}, "missing_lines": [], "excluded_lines": []}, "": {"executed_lines": [1, 6, 7, 8, 9, 10, 13, 16, 19, 20, 23, 27, 30, 119, 120, 129, 130, 194, 195, 241, 242, 292, 293, 333, 334, 357, 358, 386], "summary": {"covered_lines": 27, "num_statements": 34, "percent_covered": 79.41176470588235, "percent_covered_display": "79", "missing_lines": 7, "excluded_lines": 0, "percent_statements_covered": 79.41176470588235, "percent_statements_covered_display": "79"}, "missing_lines": [24, 388, 389, 390, 392, 393, 395], "excluded_lines": []}}, "classes": {"": {"executed_lines": [1, 6, 7, 8, 9, 10, 13, 16, 19, 20, 23, 27, 30, 44, 45, 47, 49, 50, 51, 52, 53, 55, 58, 59, 60, 63, 64, 67, 68, 71, 72, 75, 76, 77, 79, 89, 90, 98, 112, 113, 114, 116, 119, 120, 122, 129, 130, 143, 145, 146, 147, 148, 151, 154, 156, 166, 177, 187, 188, 189, 194, 195, 205, 206, 208, 209, 211, 214, 215, 216, 217, 223, 236, 237, 238, 241, 242, 257, 258, 260, 261, 266, 271, 272, 273, 274, 276, 279, 281, 287, 288, 289, 292, 293, 310, 311, 313, 314, 317, 320, 322, 328, 329, 330, 333, 334, 344, 345, 347, 352, 353, 354, 357, 358, 365, 366, 368, 369, 376, 381, 382, 383, 386], "summary": {"covered_lines": 122, "num_statements": 137, "percent_covered": 89.05109489051095, "percent_covered_display": "89", "missing_lines": 15, "excluded_lines": 0, "percent_statements_covered": 89.05109489051095, "percent_statements_covered_display": "89"}, "missing_lines": [24, 80, 81, 83, 84, 85, 86, 91, 92, 388, 389, 390, 392, 393, 395], "excluded_lines": []}}}, "src/db.py": {"executed_lines": [], "summary": {"covered_lines": 0, "num_statements": 12, "percent_covered": 0.0, "percent_covered_display": "0", "missing_lines": 12, "excluded_lines": 0, "percent_statements_covered": 0.0, "percent_statements_covered_display": "0"}, "missing_lines": [1, 2, 3, 6, 17, 18, 19, 20, 21, 23, 24, 29], "excluded_lines": [], "functions": {"get_connection": {"executed_lines": [], "summary": {"covered_lines": 0, "num_statements": 8, "percent_covered": 0.0, "percent_covered_display": "0", "missing_lines": 8, "excluded_lines": 0, "percent_statements_covered": 0.0, "percent_statements_covered_display": "0"}, "missing_lines": [17, 18, 19, 20, 21, 23, 24, 29], "excluded_lines": []}, "": {"executed_lines": [], "summary": {"covered_lines": 0, "num_statements": 4, "percent_covered": 0.0, "percent_covered_display": "0", "missing_lines": 4, "excluded_lines": 0, "percent_statements_covered": 0.0, "percent_statements_covered_display": "0"}, "missing_lines": [1, 2, 3, 6], "excluded_lines": []}}, "classes": {"": {"executed_lines": [], "summary": {"covered_lines": 0, "num_statements": 12, "percent_covered": 0.0, "percent_covered_display": "0", "missing_lines": 12, "excluded_lines": 0, "percent_statements_covered": 0.0, "percent_statements_covered_display": "0"}, "missing_lines": [1, 2, 3, 6, 17, 18, 19, 20, 21, 23, 24, 29], "excluded_lines": []}}}, "src/pco_helpers.py": {"executed_lines": [1, 6, 7, 8, 9, 12, 15, 25, 26, 28, 29, 31, 34, 52, 54, 55, 56, 57, 58, 59, 64, 65, 66, 68, 69, 72, 97, 98, 99, 100, 101, 104, 109, 110, 111, 112, 114, 117, 118, 119, 125, 126, 127, 128, 129, 130, 131, 133, 135, 136, 137, 140, 158, 159, 160, 162, 163, 169, 170, 171, 174, 194, 195, 196, 198, 199, 210, 228, 229, 239, 241, 242, 253, 269, 270, 271, 272, 273, 274, 276, 283, 288, 289, 300, 317, 318, 319, 320, 326, 333, 345, 346, 347, 348, 350, 351, 352, 355, 384, 386, 388, 389, 392, 395, 396, 397, 398, 401, 402, 405, 407, 408, 410, 411, 413, 415, 418, 433, 434, 435, 436, 438, 439, 440, 443, 454, 455, 457, 458, 463, 465, 466, 467, 471], "summary": {"covered_lines": 133, "num_statements": 155, "percent_covered": 85.80645161290323, "percent_covered_display": "86", "missing_lines": 22, "excluded_lines": 0, "percent_statements_covered": 85.80645161290323, "percent_statements_covered_display": "86"},